url_path,views_total,views_unique
/PennSIVE/ComBatFamQC,51,4
/PennSIVE/ComBatFamQC/actions,22,2
/PennSIVE/ComBatFamQC/actions/workflows/track_usage.yml,21,1
/PennSIVE/ComBatFamQC/tree/github-repo-stats,15,2
/PennSIVE/ComBatFamQC/tree/github-repo-stats/PennSIVE/ComBatFamQC,11,2
/PennSIVE/ComBatFamQC/actions/workflows/github-repo-stats.yml,11,1
/PennSIVE/ComBatFamQC/tree/github-repo-stats/PennSIVE/ComBatFamQC/latest-report,9,2
/PennSIVE/ComBatFamQC/tree/main/.github/workflows,8,2
/PennSIVE/ComBatFamQC/pulse,7,3
/PennSIVE/ComBatFamQC/blob/github-repo-stats/PennSIVE/ComBatFamQC/latest-report/report.pdf,6,2
